"Naam";"Geboortedatum";"Caps";"Selecties";"Doelpunten";"Speelminuten"
"Jan Vertonghen";"24-04-1987";110;115;9;9387
"Axel Witsel";"12-01-1989";97;102;9;8012
"Jan Ceulemans";"28-02-1957";96;99;22;8256
"Eden Hazard";"07-01-1991";94;99;27;6655
"Timmy Simons";"11-12-1976";94;114;6;7634
"Marouane Fellaini";"22-11-1987";87;96;18;6371
"Eric Gerets";"18-05-1954";86;94;3;7460
"Franky Van der Elst";"30-04-1961";86;93;1;7388
"Daniel Van Buyten";"07-02-1978";85;98;10;6983
"Toby Alderweireld";"02-03-1989";84;95;3;7115
"Vincent Kompany";"10-04-1986";84;86;4;6829
"Enzo Scifo";"19-02-1966";84;87;19;6974
"Mousa Dembélé";"16-07-1987";82;106;5;4779
"Paul Van Himst";"02-10-1943";81;83;30;7038
"Bart Goor";"09-04-1973";78;80;13;6207
"Georges Grün";"25-01-1962";77;81;6;6485
"Romelu Lukaku";"13-05-1993";77;89;43;4507
"Dries Mertens";"06-05-1987";76;90;15;4139
"Lorenzo Staelens";"30-04-1964";70;82;8;5778
"Thomas Vermaelen";"14-11-1985";70;86;1;5513
"Marc Wilmots";"22-02-1969";70;80;29;4947
"Kevin De Bruyne";"28-06-1991";68;74;15;5444
"Vic Mees";"26-01-1927";68;73;3;5982
"Thibaut Courtois";"11-05-1992";67;79;0;6020
"Georges Heylens";"08-08-1941";67;68;0;5972
"Jef Jurion";"24-02-1937";64;68;9;5745
"Jean-Marie Pfaff";"04-12-1953";64;84;0;5761
"Marc Degryse";"04-09-1965";63;67;23;5180
"Frank Vercauteren";"28-10-1956";63;71;9;5090
"Bernard Voorhoof";"11-05-1910";61;63;30;5490
"Kevin Mirallas";"05-10-1987";60;74;10;2825
"Michel Preud'Homme";"24-01-1959";58;72;0;5177
"Eric Deflandre";"02-08-1973";57;67;0;3910
"Emile Mpenza";"04-07-1978";57;59;19;3890
"Wilfried Van Moer";"01-03-1945";57;61;9;4294
"Louis Carré";"07-01-1925";56;58;0;5070
"Jef Mermans";"16-02-1922";56;67;28;5022
"Mbo Mpenza";"04-12-1976";56;66;3;2648
"Luc Nilis";"25-05-1967";56;60;10;3600
"Michel Renquin";"03-11-1955";55;62;0;4595
"Wesley Sonck";"09-08-1978";55;55;24;3495
"Danny Boffin";"10-07-1965";53;70;1;3234
"Raymond Braine";"28-04-1907";52;52;23;4590
"Nacer Chadli";"02-08-1989";52;64;6;2793
"Steven Defour";"15-04-1988";52;84;2;3477
"Armand Swartenbroeks";"30-06-1892";50;50;0;4324
"René Vandereycken";"22-07-1953";50;60;3;4232
"Gert Verheyen";"20-09-1970";50;57;10;3533
"Wilfried Puis";"18-02-1943";49;50;9;4270
"Pol Anoul";"19-08-1922";48;50;20;4350
"Pierre Hanon";"29-12-1936";48;58;3;4259
"Erwin Vandenbergh";"26-01-1959";48;58;20;4028
"Yves Vanderhaeghe";"30-01-1970";48;49;2;3738
"Henri 'Rik' Coppens";"29-04-1930";47;50;21;4260
"Ludo Coeck";"25-09-1955";46;47;4;3762
"Walter Meeuws";"11-07-1951";46;52;0;4027
"Pierre Braine";"26-10-1900";44;44;4;3858
"Swa Van der Elst";"01-12-1954";44;49;14;3397
"Geert De Vlieger";"16-10-1971";43;55;0;3497
"Michel De Wolf";"19-01-1958";42;66;1;3453
"Torreke Lemberechts";"15-05-1924";42;43;14;3780
"Nico Van Kerckhoven";"14-12-1970";42;47;3;3215
"Philippe Albert";"10-08-1967";41;53;5;3376
"Robert Paverick";"29-11-1912";41;41;0;3690
"Lei Clijsters";"06-11-1956";40;53;3;2734
"Christian Piot";"04-10-1947";40;41;1;3600
"Nicolas Lombaerts";"20-03-1985";39;65;3;2871
"Jean Nicolay";"27-12-1937";39;47;0;3464
"Philippe Clement";"22-03-1974";38;47;1;2749
"Stéphane Demol";"11-03-1966";38;38;1;3105
"Alfons Van Brandt";"24-06-1927";38;43;0;3380
"Paul Van Den Berg";"11-10-1936";38;43;16;3313
"Marc Emmers";"25-02-1966";37;39;2;2839
"Florimond Van Halme";"21-03-1895";37;38;1;3240
"Nico Claesen";"01-10-1962";36;41;12;2732
"Glen De Boeck";"22-08-1971";36;46;1;2409
"Johan Walem";"01-02-1972";36;47;2;2648
"Thomas Buffel";"19-02-1981";35;37;6;2502
"Julien Cools";"13-02-1947";35;37;2;2847
"Jean Dockx";"24-05-1941";35;42;3;2588
"Luc Millecamps";"10-09-1951";35;35;0;2956
"Léon Semmeling";"04-01-1940";35;42;2;2899
"Arnold Badjou";"25-06-1909";34;35;0;2933
"Christian Benteke";"03-12-1990";34;50;12;1890
"Jean Capelle";"26-10-1913";34;35;19;3005
"Nicolaas Hoydonckx";"29-12-1900";34;34;0;3060
"Jean Thissen";"21-04-1946";34;35;0;2992
"Eric Van Meir";"28-02-1968";34;58;1;2513
"Désiré Bastin";"04-03-1900";33;33;7;2970
"Jan De Bie";"09-05-1892";33;33;0;2970
"Filip De Wilde";"05-07-1964";33;68;0;2668
"Nico Dewalque";"20-09-1945";33;34;0;2910
"Raoul Lambert";"20-10-1944";33;38;18;2745
"Martin Lippens";"08-10-1934";33;34;2;2863
"Rie Meert";"27-08-1920";33;48;0;2860
"Jean Plaskie";"24-08-1941";33;35;0;2970
"Rudi Smidts";"12-08-1963";33;35;1;2578
"Jan Verheyen";"09-07-1944";33;50;0;2498
"Louis Versyp";"05-12-1908";33;35;7;2902
"Yannick Carrasco";"04-09-1993";32;39;5;2017
"Thomas Meunier";"12-09-1991";32;36;6;2489
"Jacques Stockman";"08-10-1938";32;40;13;2694
"Jelle Van Damme";"10-10-1983";32;40;0;1811
"Erwin Vandendaele";"05-03-1945";32;36;1;2836
"Patrick Vervoort";"17-01-1965";32;41;3;2548
"Alexandre Czerniatynski";"28-07-1960";31;42;8;1925
"Marcel Dries";"19-09-1929";31;41;0;2747
"Luis Oliveira Barroso";"24-03-1969";31;31;7;2246
"Emile Stijnen";"02-11-1907";31;31;1;2790
"Radja Nainggolan";"04-05-1988";30;39;6;1978
"Stijn Stijnen";"07-04-1981";30;31;0;2604
"Henri Diricx";"07-07-1927";29;58;1;2573
"Anthony Vanden Borre";"24-10-1987";29;48;1;1778
"August Hellemans";"21-06-1907";28;29;0;2520
"Bruno Versavel";"27-08-1967";28;30;4;2325
"Walter Baseggio";"19-08-1978";27;31;1;1799
"Bertrand Crasson";"05-10-1971";26;37;1;1769
"Denis Houf";"16-02-1932";26;29;5;2370
"Philippe Léonard";"12-02-1974";26;37;0;1588
"Maurice Martens";"05-06-1947";26;36;2;1847
"Dirk Medved";"15-09-1968";26;41;0;2009
"Stanley Vanden Eynde";"03-10-1909";26;26;9;2284
"Gilles De Bilde";"09-06-1971";25;27;3;1192
"Divock Origi";"18-04-1995";25;43;3;979
"Hugo Broos";"10-04-1952";24;31;0;1972
"Luigi Pieroni";"08-09-1980";24;28;2;1008
"Louis Saeys";"26-11-1887";24;24;9;2190
"Camille Van Hoorden";"01-01-1879";24;24;4;2192
"Oscar Verbeeck";"06-08-1891";24;24;0;2160
"René Verheyen";"20-03-1952";24;49;3;1275
"Ferdinand Adams";"03-05-1903";23;23;9;1980
"Charles Cambier";"05-01-1884";23;23;3;2086
"Pierre Dalem";"16-03-1912";23;24;0;2070
"Robert De Veen";"27-03-1886";23;23;26;2130
"Johan Devrindt";"14-04-1945";23;29;15;1999
"Theodoor Nouwens";"17-02-1908";23;23;0;2026
"André Piters";"18-01-1931";23;24;7;2070
"Jan Van Der Auwera";"09-01-1924";23;26;0;2070
"Laurent Verbiest";"16-04-1939";23;28;0;2027
"Vital Borkelmans";"01-06-1963";22;35;0;1332
"Régis Genaux";"31-08-1973";22;27;0;1841
"Guillaume Gillet";"09-03-1984";22;35;1;1311
"Maurice Gillis";"06-11-1897";22;22;8;1890
"Carl Hoefkens";"06-10-1978";22;29;1;1426
"Stan Huysmans";"11-12-1928";22;24;0;2010
"Joseph Musch";"12-10-1893";22;22;3;1906
"Lon Polleunis";"01-05-1943";22;29;10;1716
"Eddy Voordeckers";"04-02-1960";22;29;4;1398
"Yves Baré";"28-10-1938";21;28;0;1890
"Jean Claessens";"18-06-1908";21;21;0;1820
"Jan Diddens";"14-09-1906";21;22;2;1800
"André Fierens";"08-02-1898";21;21;0;1846
"Gaston Hubin";"11-07-1886";21;21;1;1890
"Simon Mignolet";"06-03-1988";21;87;0;1890
"Jacques Moeschal";"06-09-1900";21;21;3;1890
"Richard Orlans";"06-10-1931";21;26;5;1823
"Peter Van der Heyden";"16-07-1976";21;32;1;1572
"Léon Aernaudts";"10-08-1918";20;22;0;1753
"Michy Batshuayi";"02-10-1993";20;40;10;715
"Frédéric Chaves d'Aguilar";"08-10-1918";20;24;8;1800
"Laurent Ciman";"05-08-1985";20;68;1;1495
"Olivier Deschacht";"16-02-1981";20;34;0;1169
"Karel Geraerts";"05-01-1982";20;25;4;1059
"Henri Larnoe";"18-05-1897";20;20;9;1800
"Guillaume Raskin";"16-03-1937";20;24;0;1800
"Ivan Thys";"29-04-1897";20;21;7;1710
"Henri Coppens";"30-10-1918";19;28;4;1710
"Jean Cornelis";"02-08-1941";19;31;1;1710
"Alfons De Winter";"17-09-1908";19;19;0;1690
"François Demol";"19-08-1895";19;19;0;1620
"Philibert Smellinckx";"17-01-1911";19;20;0;1710
"Joos Valgaeren";"03-03-1976";19;22;0;1476
"Marc Van der Linden";"04-02-1964";19;22;8;1140
"Emile Andrieu";"01-02-1881";18;18;0;1680
"Gustave Boesman";"19-01-1899";18;18;0;1620
"Jean Caudron";"15-11-1895";18;19;0;1530
"Henri Leroy";"12-12-1887";18;18;0;1533
"Raymond Mommens";"27-12-1958";18;47;0;1137
"Johnny Thio";"02-09-1944";18;25;6;1484
"Sven Vermant";"04-04-1973";18;22;0;833
"Roger Claessen";"27-09-1941";17;19;7;1397
"François Daenen";"25-08-1919";17;39;0;1460
"Leopold Gernaey";"25-02-1927";17;27;0;1495
"Hector Goetinck";"05-03-1886";17;17;2;1530
"Gaby Mudingayi";"01-10-1981";17;21;0;1077
"Jacky Peeters";"13-12-1969";17;27;0;864
"Branko Strupar";"04-02-1970";17;19;5;964
"Gill Swerts";"23-09-1982";17;21;1;1310
"Guy Vandersmissen";"25-12-1957";17;20;0;1170
"Fernand Buyle";"03-03-1918";16;16;1;1440
"Rik Isemborghs";"30-01-1914";16;16;8;1440
"Marcel Paeschen";"30-04-1937";16;22;4;1396
"Edgard Poelmans";"01-01-1884";16;16;1;1500
"Henri Thellin";"27-08-1931";16;16;0;1440
"Joseph Van Beeck";"18-02-1911";16;16;7;1418
"Gordan Vidovic";"23-06-1968";16;19;0;1350
"Marc Baecke";"24-07-1956";15;32;0;1038
"Thorgan Hazard";"29-03-1993";15;30;1;484
"Mark Hendrikx";"02-07-1974";15;22;0;662
"Jules Henriet";"13-02-1918";15;17;0;1350
"Joseph Thys";"15-01-1888";15;15;1;1270
"Youri Tielemans";"07-05-1997";15;29;0;681
"Gilbert Van Binst";"05-07-1951";15;23;1;1319
"Michel Vanderbauwhede";"19-05-1901";15;15;7;1350
"Robert Braet";"11-02-1912";14;15;0;1178
"Tom De Sutter";"03-07-1985";14;15;0;363
"Philippe Desmet";"29-11-1958";14;20;1;1018
"Michaël Goossens";"30-11-1973";14;18;1;472
"Stein Huysegems";"22-06-1982";14;21;0;346
"Henri Van Averbeke";"26-10-1901";14;14;0;1260
"Louis Bessems";"25-09-1892";13;13;1;1170
"Roberto Bisconti";"27-07-1973";13;15;0;527
"Jean Mathonet";"06-10-1925";13;14;0;1170
"Fernand Nisot";"11-04-1895";13;14;10;1170
"Joseph Pannaye";"29-07-1922";13;15;0;1170
"Bob Peeters";"10-01-1974";13;18;4;488
"Sébastien Pocognoli";"01-08-1987";13;30;0;598
"Silvio Proto";"23-05-1983";13;22;0;1125
"Pascal Renier";"03-08-1971";13;20;0;1023
"Gunther Schepens";"04-05-1973";13;13;3;820
"Jacques Teugels";"03-08-1946";13;24;1;757
"René Thirifays";"08-10-1920";13;13;1;1170
"Guillaume Van Den Eynde";"01-01-1884";13;13;1;1200
"Leo Van der Elst";"07-01-1962";13;20;0;597
"Kevin Vandenbergh";"16-05-1983";13;21;3;504
"Gilbert Bodart";"02-09-1962";12;55;0;956
"Oscar Bossaert";"05-11-1887";12;12;0;1080
"Jean Brichaut";"29-07-1911";12;13;3;1080
"Sylvain Brébart";"18-08-1886";12;12;8;1080
"Robert Coppée";"22-04-1895";12;12;5;1080
"Bert De Cleyn";"28-06-1917";12;12;9;1080
"Didier Dheedene";"22-01-1972";12;16;0;977
"Robert Maertens";"24-01-1930";12;14;0;1080
"Gerard Plessers";"30-03-1959";12;17;1;798
"Hector 'Tasson' Raemaekers";"01-03-1883";12;12;0;1110
"Arsène Vaillant";"13-06-1922";12;18;1;1037
"Daniel Veyt";"09-12-1956";12;26;1;829
"Jelle Vossen";"22-03-1989";12;26;2;461
"Dedryck Boyata";"28-11-1990";11;26;0;607
"Albert Cluytens";"16-11-1955";11;15;1;928
"Guy Dardenne";"19-10-1954";11;15;0;681
"Jean De Clercq";"17-05-1905";11;12;0;990
"Olivier De Cock";"09-11-1975";11;12;0;698
"Henri De Deken";"03-08-1907";11;12;0;990
"Georges Hebdin";"19-04-1889";11;12;0;990
"Léon Jeck";"09-02-1947";11;15;0;990
"Constant Joacim";"03-03-1908";11;11;0;990
"Sandy Martens";"23-12-1973";11;15;3;551
"Armand Seghers";"21-06-1926";11;20;0;990
"Jean Trappeniers";"13-01-1942";11;18;0;944
"John Van Alphen";"17-06-1914";11;11;0;990
"Joseph Van Ingelgem";"23-01-1912";11;12;0;990
"Louis Vandenbergh";"26-11-1903";11;11;0;914
"Theo Custers";"10-08-1950";10;29;0;719
"Tjörven De Brul";"22-06-1973";10;12;0;570
"Albert De Hert";"18-11-1921";10;13;3;840
"Léon Dolmans";"06-04-1945";10;16;2;844
"Laurent Grimmonprez";"14-12-1902";10;10;1;900
"Robert Hustin";"13-10-1886";10;10;0;930
"Emile Lejeune";"17-02-1938";10;14;0;900
"Georges Michel";"29-04-1898";10;11;3;900
"Charles Simons";"27-09-1906";10;11;0;900
"Roland Storme";"25-01-1934";10;15;0;900
"Jean Van Cant";"06-06-1891";10;10;7;900
"André Vanderstappen";"27-03-1934";10;23;0;900
"Henri Bierna";"02-09-1905";9;9;2;810
"Koen Daerden";"08-03-1982";9;14;3;547
"Igor De Camargo";"12-05-1983";9;15;0;521
"Gaëtan Englebert";"11-06-1976";9;21;0;500
"Jean Fievez";"30-11-1910";9;10;4;810
"Jean-François Gillet";"31-05-1979";9;59;0;760
"Emile Hanse";"10-08-1892";9;9;0;810
"Paul Henry";"06-09-1912";9;10;0;810
"Augustin Janssens";"24-09-1930";9;10;1;810
"Adnan Januzaj";"05-02-1995";9;27;1;386
"Jules Lavigne";"10-03-1901";9;9;0;810
"Maarten Martens";"02-07-1984";9;12;0;579
"Désiré Paternoster";"21-01-1887";9;9;2;840
"Antoine Puttaert";"25-10-1919";9;10;0;810
"André Saeys";"20-02-1911";9;10;1;810
"François Sermon";"31-03-1923";9;10;2;810
"Alphonse Six";"01-01-1890";9;9;8;840
"Stefaan Tanghe";"15-01-1972";9;14;2;501
"Edgard Van Boxtaele";"01-12-1888";9;9;0;810
"Louis Van Hege";"08-05-1889";9;9;3;764
"Bob Van Kerkhoven";"01-10-1924";9;37;1;800
"Logan Bailly";"27-12-1985";8;17;0;720
"Fernand Boone";"01-08-1934";8;20;0;720
"Prosper Braeckman";"25-09-1888";8;8;0;720
"Adolf De Buck";"01-02-1920";8;16;0;720
"Jason Denayer";"28-06-1995";8;21;0;557
"Ronald Gaspercic";"09-05-1969";8;15;0;569
"Joseph Givard";"27-09-1923";8;10;1;720
"Fernand Goyvaerts";"24-10-1938";8;8;1;720
"Manu Karagiannis";"22-11-1966";8;8;0;605
"Jordan Lukaku";"25-07-1994";8;19;0;426
"Jacky Munaron";"08-09-1956";8;44;0;720
"Roger Pierard";"28-08-1887";8;8;0;750
"Frédéric Pierre";"21-09-1973";8;10;0;313
"Tom Soetaers";"21-07-1980";8;14;1;86
"Georges Van Calenberg";"12-02-1912";8;8;0;720
"August Van Steelant";"08-04-1921";8;12;3;720
"Hippolyte Van den Bosch";"30-04-1926";8;15;2;677
"Philippe Vande Walle";"22-12-1961";8;30;0;649
"Charles Vanden Wouwer";"07-09-1916";8;8;2;720
"Josip Weber";"16-11-1964";8;8;6;651
"Toni Brogno";"19-07-1973";7;11;0;114
"Filip Daems";"31-10-1978";7;12;0;361
"François De Vries";"21-08-1913";7;7;1;630
"Guy Delhasse";"19-02-1933";7;33;0;542
"Pierre-Joseph Destrebecq";"18-06-1881";7;7;5;660
"Gérard Devos";"13-08-1903";7;7;1;630
"Fernand Goossens";"21-11-1888";7;7;2;660
"Albert Heremans";"13-04-1906";7;7;0;584
"Frédéric Herpoel";"16-08-1974";7;39;0;355
"Chris Janssens";"12-06-1969";7;9;0;295
"Jean Janssens";"28-09-1944";7;8;1;486
"Robert Lamoot";"18-03-1911";7;8;2;630
"Marvin Ogunjimi";"12-10-1987";7;9;5;394
"Cisse Severeyns";"08-01-1968";7;8;1;235
"Jules Suetens";"";7;7;1;630
"Bernd Thijs";"28-06-1978";7;16;0;148
"Maurice Tobias";"01-01-1886";7;7;0;630
"Roger Van Gool";"01-06-1950";7;7;2;561
"André Van Herpe";"26-10-1933";7;10;1;630
"Fritz Vandenboer";"08-05-1934";7;16;2;630
"Marcel Vercammen";"29-01-1919";7;9;0;630
"Willy Wellens";"29-03-1954";7;11;0;524
"Charles Bauwens";"";6;6;0;540
"Ferdinand Boogaerts";"25-02-1921";6;10;0;540
"Jean Bouttiau";"03-09-1889";6;6;1;540
"Mathieu Bragard";"10-03-1895";6;6;5;540
"Paul Courant";"10-11-1949";6;9;1;451
"Leander Dendoncker";"15-04-1995";6;26;0;272
"René Devos";"26-07-1921";6;6;0;540
"Olivier Doll";"09-06-1973";6;12;0;245
"Willy Geurts";"30-01-1954";6;6;1;283
"René Gillard";"11-11-1920";6;6;0;540
"Henri Govard";"02-02-1922";6;11;4;540
"Faris Haroun";"22-09-1985";6;7;0;402
"Marc Millecamps";"09-10-1950";6;17;0;254
"José Moës";"19-07-1923";6;6;4;540
"Léon Ritzen";"17-01-1939";6;6;1;471
"Achille Schelstraete";"03-01-1897";6;6;1;540
"Albert Sulon";"03-04-1938";6;6;0;493
"Gérard Sulon";"03-04-1938";6;12;0;540
"Peter Van Houdt";"04-11-1976";6;10;0;224
"Frans Vermeyen";"25-03-1943";6;8;2;540
"Mike Verstraeten";"12-08-1967";6;10;0;442
"Maurice Vertongen";"07-05-1886";6;6;1;540
"Jozef Vliers";"18-12-1932";6;9;0;540
"Joseph Augustus";"15-11-1898";5;5;0;404
"Jurgen Cavens";"19-08-1978";5;6;1;201
"Frans Christiaens";"20-01-1914";5;5;0;397
"Jozef Daerden";"26-11-1954";5;8;0;319
"Frank Dauwen";"03-11-1967";5;9;0;174
"Maurice De Coster";"20-04-1890";5;5;0;450
"Walter De Greef";"13-11-1957";5;6;0;450
"Mark De Man";"27-04-1983";5;11;0;228
"Bart De Roover";"21-08-1967";5;6;0;425
"Wilfried Delbroek";"25-08-1972";5;6;0;357
"Michel Delire";"06-08-1933";5;8;1;375
"Cornelius Elst";"25-01-1901";5;5;0;450
"Marcel Feye";"";5;5;0;480
"René Feye";"";5;5;4;480
"Jean Jadot";"02-04-1928";5;6;2;450
"Roland Lamah";"31-12-1987";5;5;0;213
"Paul Lambrichts";"16-10-1954";5;6;0;370
"Fernand Massay";"20-12-1919";5;6;0;450
"Jan Nelissen";"03-06-1924";5;5;0;450
"Pascal Plovie";"07-05-1965";5;11;0;247
"Charles Saeys";"15-11-1933";5;5;0;450
"André Stassart";"29-09-1937";5;7;0;360
"Jean Straetmans";"26-09-1931";5;7;2;402
"Désiré Van Den Audenaerde";"03-09-1923";5;8;0;450
"Raymond Van Gestel";"20-01-1930";5;5;2;450
"Jan Van Steen";"02-06-1929";5;7;1;450
"Charles Vanderstappen";"01-01-1882";5;5;0;510
"Jacques Vandevelde";"20-03-1895";5;5;1;450
"André Vandeweyer";"21-06-1909";5;6;0;450
"Fernand Wertz";"29-01-1894";5;6;1;450
"Alphonse Wright";"02-09-1887";5;5;0;450
"Victor Wégria";"04-11-1936";5;7;2;402
"Jonathan Blondel";"03-04-1984";4;4;0;71
"Mathieu Bollen";"31-12-1928";4;6;2;347
"Paul Bouttiau";"10-09-1887";4;4;0;390
"Arthur Ceuleers";"28-02-1916";4;6;2;360
"Gert Claessens";"21-02-1972";4;6;1;255
"Michel De Groote";"18-10-1955";4;6;0;316
"Albert De Raedt";"22-07-1918";4;4;0;360
"Maurits De Schrijver";"26-06-1951";4;10;0;248
"François Degelas";"10-07-1928";4;4;0;360
"Joseph Desmedt";"14-10-1914";4;4;2;360
"Georges Despae";"30-09-1900";4;4;2;360
"Alfons Dresen";"24-07-1931";4;7;0;360
"Grégory Dufer";"19-12-1981";4;5;1;116
"Victor Erroelen";"23-12-1916";4;4;0;360
"Roger Henrotay";"28-05-1949";4;6;1;360
"Victor Houet";"02-09-1900";4;4;1;360
"Dominique Lemoine";"12-03-1966";4;4;0;212
"Louis Leysen";"22-11-1932";4;5;0;316
"Albert Michiels";"14-03-1939";4;4;0;360
"Marius Mondele";"12-12-1913";4;4;0;325
"Georges Mordant";"11-09-1927";4;4;1;360
"François Moucheron";"23-05-1896";4;4;0;360
"Camille Nys";"";4;4;0;360
"Jules Pappaert";"05-11-1905";4;5;0;295
"Tristan Peersman";"28-09-1979";4;5;0;316
"Alfons Peeters";"21-01-1943";4;8;0;360
"Jean Petit";"25-02-1914";4;5;0;360
"Georges Pootmans";"15-05-1889";4;5;0;360
"Joseph Robyn";"01-01-1884";4;4;0;360
"Koen Sanders";"17-12-1962";4;7;0;306
"Louis Somers";"28-05-1909";4;4;0;360
"François Sterchele";"14-03-1982";4;6;0;97
"Laurent Theunen";"";4;4;3;360
"Jacques Van Caelenberghe";"02-10-1910";4;4;1;360
"François Van Den Eynde";"14-10-1911";4;4;2;326
"Stéphane Van Der Heyden";"03-07-1969";4;13;0;136
"Théo Van Rooy";"02-10-1934";4;4;0;360
"Gustave Vanderstappen";"01-01-1883";4;4;0;390
"Gunter Verjans";"06-10-1973";4;4;0;154
"Honoré Vlaminck";"29-01-1897";4;4;2;360
"Jonathan Walasiak";"23-10-1982";4;6;0;211
"Edward Wauters";"12-07-1933";4;14;0;360
"Félix Welkenhuysen";"12-12-1908";4;4;0;360
"Robert Willems";"06-05-1935";4;13;0;285
"Alfons Bastijns";"28-01-1947";3;3;0;270
"Michel Bensch";"23-01-1925";3;4;0;270
"Prudent Bettens";"04-07-1943";3;4;0;270
"Jacques Beurlet";"21-12-1944";3;10;0;270
"Florent Bohez";"19-01-1941";3;3;0;270
"Thomas Chatelle";"31-03-1981";3;4;0;92
"Geoffrey Claeys";"05-10-1974";3;8;1;182
"Peter Crève";"17-08-1961";3;4;1;174
"Marcel De Corte";"25-11-1929";3;5;0;270
"Jean-François De Sart";"18-12-1961";3;12;0;208
"Franky Dekenne";"07-07-1960";3;3;0;180
"Clément Demeyer";"01-09-1889";3;3;0;270
"André Denul";"14-07-1946";3;7;2;270
"Georges Ditzler";"15-11-1897";3;4;0;180
"Frans Dogaer";"06-07-1897";3;4;0;270
"Léopold Dries";"27-09-1901";3;3;0;270
"Pier Janssen";"09-09-1956";3;3;1;160
"Eddy Jaspers";"15-04-1956";3;3;0;224
"Clément Keerstock";"12-10-1902";3;3;0;270
"Daniel Kimoni";"18-01-1971";3;4;0;150
"René Ledent";"08-11-1907";3;3;0;270
"Georges Leekens";"18-05-1949";3;6;0;270
"Marcel Lemoine";"28-11-1933";3;3;0;270
"Jules Mayné";"15-08-1892";3;3;0;270
"Edouard Morlet";"24-06-1898";3;3;0;270
"Vadis Odjidja-Ofoe";"21-02-1989";3;6;0;28
"Davy Oyen";"17-07-1975";3;6;0;182
"Frans Peeraer";"15-02-1913";3;3;0;270
"Frédéric Peiremans";"03-09-1973";3;4;0;211
"Auguste Pelsmaeker";"15-11-1899";3;4;0;270
"Martin Schroyens";"16-02-1930";3;4;0;270
"Jacques Secretin";"28-12-1907";3;3;1;270
"Lucien Spronck";"19-08-1939";3;5;1;270
"Jules Timmermans";"03-03-1903";3;3;0;270
"Léon Torfs";"22-09-1909";3;3;0;270
"Yvo Van Herp";"04-12-1949";3;4;1;226
"Brian Vandenbussche";"24-09-1981";3;13;0;141
"Léon Vandermeiren";"08-01-1896";3;4;0;270
"René Vanderwilt";"23-05-1934";3;5;0;270
"Louis Verbruggen";"20-07-1928";3;4;3;240
"Bjorn Vleminckx";"01-12-1985";3;5;0;58
"Maurice Willems";"24-09-1929";3;3;4;270
"Omer Baes";"15-01-1889";2;2;0;180
"Zakaria Bakkali";"26-01-1996";2;4;0;23
"Adolphe Becquevort";"09-05-1891";2;2;0;180
"Edward Bertels";"08-10-1932";2;3;0;163
"Alain Bettagno";"09-11-1968";2;3;0;136
"Luc Beyens";"27-03-1959";2;2;0;125
"Désiré Bourgeois";"13-12-1908";2;3;0;180
"Fernand Brichant";"01-02-1895";2;2;0;180
"David Brocken";"18-02-1971";2;6;0;134
"Nicolas Broeckaert";"23-11-1960";2;4;0;180
"Mehdi Carcela";"01-07-1989";2;3;0;48
"Pierre Carteus";"24-09-1943";2;5;0;180
"Luis Pedro Cavanda";"02-01-1991";2;5;0;72
"Hans Christiaens";"12-01-1964";2;2;0;110
"Léon Close";"20-08-1931";2;6;0;180
"Pieter Collen";"20-06-1980";2;2;0;105
"Theo Collette";"06-11-1927";2;3;0;134
"Jacques Culot";"25-08-1933";2;6;0;180
"Wim De Decker";"06-04-1982";2;4;0;69
"Léopold De Groof";"02-02-1896";2;3;0;180
"Ritchie De Laet";"28-11-1988";2;2;0;134
"Tom De Mul";"04-03-1986";2;3;0;84
"Sepp De Roover";"12-11-1984";2;3;0;180
"Gaston De Wael";"31-12-1934";2;8;0;180
"Henri Dedecker";"01-01-1878";2;2;0;180
"Henri Depireux";"01-02-1944";2;6;0;134
"Gustaaf Eeckeman";"28-11-1918";2;2;0;180
"Ronald Foguenne";"10-08-1970";2;2;0;79
"Thomas Foket";"25-09-1994";2;5;0;134
"Antoine Franckx";"03-01-1909";2;2;0;180
"Albert Friling";"26-02-1879";2;2;0;180
"Philippe Garot";"30-11-1948";2;5;0;105
"Robert Gerard";"23-12-1920";2;2;0;180
"Léon Gillaux";"23-12-1919";2;2;1;180
"Frans Gommers";"05-04-1917";2;3;0;180
"Christophe Grégoire";"20-04-1980";2;2;0;135
"Augustinus Hellemans";"04-09-1907";2;2;2;180
"Jozef Heyligen";"30-06-1947";2;3;0;94
"Jean-Marie Houben";"24-11-1966";2;2;0;134
"David Hubert";"12-02-1988";2;3;0;59
"Sébastien Jacquemijns";"25-06-1929";2;3;2;180
"Jean Jamers";"24-11-1907";2;2;0;180
"François Janssens";"25-09-1945";2;9;1;180
"Nordin Jbari";"05-02-1975";2;2;0;25
"Louis Joux";"06-02-1888";2;2;0;180
"Christian Kabasele";"24-02-1991";2;15;0;180
"Christophe Lauwers";"17-09-1972";2;2;0;75
"François Ledent";"04-07-1908";2;3;2;180
"Jonathan Legear";"13-04-1987";2;4;0;101
"Erwin Lemmens";"12-05-1976";2;5;0;77
"Christophe Lepoint";"24-10-1984";2;2;1;59
"Jean-Marie Letawe";"30-11-1936";2;3;0;180
"Karel Mallants";"04-11-1935";2;3;1;180
"Georges Mathot";"26-02-1886";2;2;0;134
"Rik Matthys";"09-09-1925";2;3;0;180
"Ilombe Mboyo";"27-04-1987";2;3;0;33
"Pierre Meuldermans";"02-07-1914";2;2;0;180
"Geoffrey Mujangi-Bia";"12-08-1989";2;2;0;150
"Joseph Nelis";"01-04-1917";2;3;2;180
"Guido Nicolaes";"15-07-1950";2;4;0;24
"Célestin Nollet";"06-02-1894";2;2;0;180
"Emile Reuse";"08-11-1883";2;2;0;210
"Frans Reyniers";"27-06-1928";2;2;0;180
"Clément Robyn";"";2;2;0;210
"Kevin Roelandts";"27-08-1982";2;2;1;171
"Cédric Roussel";"06-01-1978";2;3;0;14
"Willy Saeren";"08-04-1926";2;13;0;180
"René Schietse";"11-07-1889";2;2;0;180
"Corneel Seys";"12-02-1912";2;2;0;180
"Jeroen Simaeys";"12-05-1985";2;4;0;26
"Jacques Sterckval";"09-08-1884";2;2;0;180
"Paul Theunis";"16-03-1952";2;2;0;180
"Eric Thornton";"01-01-1879";2;2;0;210
"Guy Thys";"06-12-1922";2;4;0;180
"Edouard Van Brandt";"27-03-1911";2;2;0;180
"Félix Van Campenhout";"07-12-1910";2;2;0;180
"Jules Van Craen";"03-09-1920";2;2;4;180
"Armand Van De kerkhove";"29-10-1915";2;2;0;180
"Godefroid Van Melderen";"";2;2;0;180
"Henri Van Poucke";"09-05-1906";2;2;0;180
"Michel Van Varenberg";"21-02-1920";2;5;1;138
"Jeng Van den Bosch";"31-10-1927";2;2;0;210
"Remy Vandeweyer";"27-07-1928";2;2;1;180
"Franz Vanhoutte";"14-06-1890";2;2;1;180
"Louis Verboven";"21-02-1909";2;2;0;180
"Willy Vermeulen";"01-09-1919";2;2;0;180
"Stijn Vreven";"18-07-1973";2;2;0;157
"Alexandre Wigand";"01-01-1880";2;2;0;180
"Léopold Appeltans";"30-03-1922";1;1;0;90
"Dominique Baes";"03-02-1893";1;1;0;90
"Louis Baes";"15-06-1899";1;1;0;90
"Dirk Beheydt";"17-10-1951";1;1;0;90
"Alfred Bertrand";"06-12-1919";1;1;0;90
"Karel Beyers";"12-03-1943";1;1;0;90
"Fernand Blaise";"07-02-1925";1;5;0;90
"Georges Bonhivers";"02-03-1900";1;1;0;90
"Sammy Bossut";"11-08-1985";1;8;0;90
"Prosper Brandsteert";"";1;1;0;120
"Geert Broeckaert";"15-11-1960";1;1;0;90
"Xavier Caers";"05-02-1950";1;1;0;78
"Tom Caluwé";"11-04-1978";1;3;1;45
"Arthur Cambier";"";1;1;0;90
"Ferdinand Caremans";"06-07-1893";1;1;0;90
"Timothy Castagne";"05-12-1995";1;2;0;46
"Robert Chapey";"";1;1;0;90
"Jean I Claes";"08-07-1934";1;1;0;90
"Jean II Claes";"10-07-1902";1;1;0;90
"Julien Cnudde";"22-05-1897";1;2;0;90
"Joseph Coenegracht";"15-01-1903";1;1;0;90
"Steve Colpaert";"13-09-1986";1;1;0;90
"Joseph Cootmans";"17-09-1904";1;1;0;90
"Hubert Cordiez";"05-12-1954";1;2;0;65
"Claude Crote";"14-04-1938";1;1;0;90
"Nathan D'Haemers";"26-01-1978";1;1;0;45
"Robert Dalving";"28-07-1950";1;1;0;90
"Firmin De Coster";"25-06-1930";1;1;0;90
"Albert De Deken";"07-09-1915";1;1;0;90
"Frans De Deken";"11-09-1912";1;1;0;90
"Paul De Mesmaeker";"08-09-1963";1;1;0;90
"Alain De Nil";"17-08-1966";1;2;0;90
"Stijn De Smet";"27-03-1985";1;2;0;46
"Charles De Vogelaere";"16-11-1933";1;3;0;90
"Dirk De Vriese";"03-12-1958";1;2;0;90
"François De Wael";"10-11-1922";1;1;1;90
"Gérard Delbeke";"01-08-1898";1;1;0;90
"Hervé Delesie";"09-01-1951";1;3;0;25
"Georges Demulder";"12-05-1919";1;1;0;90
"Charles Demunter";"12-01-1897";1;1;0;90
"Laurent Depoitre";"07-12-1988";1;5;1;90
"Gérard Desanghere";"16-11-1947";1;4;0;13
"Robert Deurwaerder";"19-09-1941";1;2;0;90
"Yassine El Ghanassy";"12-07-1990";1;1;0;86
"Geert Emmerechts";"05-05-1968";1;1;0;44
"Didier Ernst";"15-09-1971";1;1;0;44
"Auguste Fierens";"14-07-1892";1;1;0;90
"Carl Fourneaux";"";1;1;0;90
"Charles Geerts";"29-10-1930";1;7;0;65
"Félix Geybels";"23-11-1935";1;9;0;90
"Paul Grumeau";"28-06-1881";1;1;0;120
"Alfons Haagdoren";"01-06-1943";1;5;0;90
"Filip Haagdoren";"25-06-1970";1;5;0;16
"Rudi Haleydt";"15-02-1951";1;1;0;30
"Albert Henderickx";"24-09-1900";1;1;0;90
"Robert Heyse";"10-05-1908";1;1;0;90
"Gunther Hofmans";"03-01-1967";1;4;0;16
"Joseph Homble";"26-09-1915";1;3;0;90
"Ivan Hoste";"08-12-1952";1;2;0;9
"Dirk Huysmans";"03-09-1973";1;2;0;32
"Charly Jacobs";"21-07-1948";1;2;0;86
"Vahram Kevorkian";"17-12-1887";1;1;1;90
"Pierre Kogel";"";1;1;0;90
"Théo Lacroix";"02-10-1922";1;1;0;90
"Maurice Lefebvre";"23-07-1888";1;1;0;90
"Anthony Limbombe";"15-07-1994";1;1;0;44
"John Lodts";"23-09-1916";1;1;0;90
"Dimitri M'Buyu";"31-10-1964";1;2;0;30
"Birger Maertens";"28-06-1980";1;2;0;45
"Jozef Mannaerts";"31-05-1923";1;1;0;90
"Frank Mariman";"01-05-1958";1;1;0;48
"Gilbert Marnette";"17-05-1931";1;1;0;90
"Honoré Martens";"15-06-1912";1;1;0;90
"Jozef Melis";"28-08-1919";1;3;0;90
"Alfons Mertens";"07-04-1903";1;1;0;90
"Guillaume Meulders";"15-04-1888";1;1;0;90
"Victor Michiels";"06-01-1906";1;1;0;90
"Ernest Moreau de Melen";"";1;1;0;90
"Roland Moyson";"13-04-1934";1;1;1;90
"Francis Nicolay";"23-04-1944";1;1;0;73
"Denis Odoi";"24-05-1988";1;2;0;90
"Killian Overmeire";"06-12-1985";1;2;0;6
"Maurice Petit";"30-10-1888";1;1;0;120
"Jozef Piedfort";"20-05-1930";1;1;0;90
"Jacques Pirlot";"07-06-1896";1;1;0;90
"Dennis Praet";"14-05-1994";1;1;0;14
"Jules Quoilin";"05-02-1929";1;1;0;90
"Georges Quéritet";"01-01-1882";1;1;2;90
"Joseph Romdenne";"01-01-1876";1;1;0;90
"Léon Rosper";"14-01-1899";1;1;0;86
"Auguste Ruyssevelt";"04-11-1896";1;2;0;90
"Luc Sanders";"06-10-1945";1;11;0;90
"Davy Schollen";"28-02-1978";1;4;0;45
"Eddy Snelders";"09-04-1959";1;2;0;63
"Karel Snoeckx";"29-10-1973";1;1;0;27
"Jean Strubbe";"07-12-1887";1;1;0;90
"Joseph Taeymans";"27-01-1899";1;1;0;90
"Derrick Tshimanga";"06-11-1988";1;1;0;4
"Guillaume Ulens";"11-07-1909";1;1;0;90
"Jean Valet";"05-03-1923";1;19;0;90
"Albert Van Coile";"27-03-1900";1;1;0;90
"Frans Van Den Ouden";"23-01-1904";1;1;0;90
"Frans Van Dessel";"09-05-1911";1;1;0;65
"Gustave Van Goethem";"28-12-1898";1;1;0;90
"Joris Van Hout";"10-01-1977";1;2;0;2
"Vital Van Landeghem";"29-11-1912";1;1;1;90
"Jozef Van Looy";"02-03-1916";1;1;0;90
"Julien Van Puymbroeck";"18-08-1947";1;1;0;90
"Julien Van Roosbroeck";"09-10-1935";1;4;0;90
"Edmond Van Staceghem";"";1;1;1;90
"Hans Vanaken";"24-08-1992";1;2;0;35
"Guillaume Vanden Houten";"12-10-1895";1;1;0;90
"Francky Vandendriessche";"07-04-1971";1;6;0;90
"Julien Vandierendounck";"12-02-1921";1;1;0;90
"Edmond Verbruggen";"15-03-1882";1;1;0;90
"Alfred Verdyck";"07-05-1882";1;1;0;90
"Pierre Vergeylen";"03-11-1891";1;1;0;56
"Pierre Verhoeven";"26-03-1896";1;1;0;90
"Sébastien Verhulst";"";1;1;0;90
"Georges Verlinde";"";1;1;0;90
"Dany Verlinden";"15-08-1963";1;15;0;90
"Birger Verstraete";"16-04-1994";1;2;0;5
"Hadelin Viellevoye";"22-11-1914";1;1;0;90
"Jos Volders";"30-12-1949";1;1;0;90
"Fernand Voussure";"25-07-1920";1;2;0;90
"Pierre Weydisch";"30-03-1908";1;1;0;90
"Robert Weyn";"21-03-1940";1;11;0;90
"François Winnepenninckx";"26-03-1919";1;1;0;90
"Michel Wintacq";"02-10-1955";1;1;0;90
"Henri Woestad";"06-01-1911";1;1;0;68
"Joseph Andries";"18-01-1919";0;4;0;0
"Raymond Ausloos";"15-05-1928";0;2;0;0
"Joseph Backaert";"05-08-1921";0;2;0;0
"Maurice Baeten";"27-04-1935";0;1;0;0
"Félix Balyu";"05-08-1891";0;1;0;0
"Joel Bartholomeeussen";"02-03-1966";0;1;0;0
"Maurice Berloo";"";0;4;0;0
"Gaston Boeckstaens";"27-09-1955";0;1;0;0
"Walter Bogaerts";"18-08-1938";0;1;0;0
"Léon Bosmans";"16-03-1944";0;7;0;0
"Dante Brogno";"02-05-1966";0;1;0;0
"Koen Casteels";"25-06-1992";0;29;0;0
"Alexis Chantraine";"16-03-1901";0;1;0;0
"Roland Coclet";"02-04-1941";0;1;0;0
"Albert Corbeel";"";0;1;0;0
"Willy Coremans";"06-05-1938";0;8;0;0
"Albert Cornelis";"";0;1;0;0
"Hans Cornelis";"13-10-1982";0;1;0;0
"Laurens De Bock";"07-11-1992";0;3;0;0
"Benjamin De Ceulaer";"19-12-1983";0;4;0;0
"Wim De Coninck";"23-06-1959";0;7;0;0
"Georges De Spae";"30-09-1900";0;1;0;0
"Jean Debie";"";0;1;0;0
"Thimothy Derijck";"25-05-1987";0;1;0;0
"Jacques Duquesne";"22-04-1940";0;16;0;0
"Björn Engels";"15-09-1994";0;1;0;0
"Arsène Festraets";"19-04-1921";0;1;0;0
"Richard Gedopt";"";0;3;0;0
"Lucien Ghellynck";"29-09-1943";0;1;0;0
"Patrick Gorez";"12-07-1955";0;1;0;0
"Robert Granje";"03-11-1944";0;1;0;0
"Davy Gysbrechts";"20-09-1972";0;1;0;0
"Joseph Happart";"09-05-1929";0;3;0;0
"Frans Hendrickx";"";0;2;0;0
"Omer Janssens";"11-02-1943";0;1;0;0
"Thomas Kaminski";"23-10-1992";0;2;0;0
"Serge Kimoni";"08-03-1965";0;1;0;0
"Ritchie Kitoko";"11-06-1988";0;2;0;0
"Sven Kums";"26-02-1988";0;3;0;0
"Louis Lambert";"13-12-1931";0;1;0;0
"Maxime Lestienne";"17-06-1992";0;1;0;0
"Guy Léonard";"09-11-1946";0;5;0;0
"Gilbert Marmenout";"13-12-1945";0;3;0;0
"Ronny Martens";"22-12-1958";0;5;0;0
"Mathieu Meyers";"03-12-1934";0;4;0;0
"Jan Moons";"26-09-1970";0;7;0;0
"Landry Mulemo";"17-09-1986";0;3;0;0
"Joachim Mununga";"30-06-1988";0;2;0;0
"Adolphe Nicolay";"23-10-1923";0;1;0;0
"Robert Paelinck";"";0;1;0;0
"Didier Quain";"15-12-1960";0;1;0;0
"Olivier Renard";"24-05-1979";0;11;0;0
"Robert Roosbeek";"27-03-1942";0;1;0;0
"Matz Sels";"26-02-1992";0;15;0;0
"Jozef Smolders";"18-01-1941";0;2;0;0
"Leandro Trossard";"04-12-1994";0;1;0;0
"Charles Van Boven";"";0;2;0;0
"Jules Van Den Driesch";"";0;1;0;0
"Yves Van Der Straeten";"18-01-1971";0;4;0;0
"Luc Van Hoyweghen";"";0;1;0;0
"Julien Van Opdorp";"13-04-1947";0;2;0;0
"Jason Vandelannoite";"06-11-1986";0;1;0;0
"Jozef Vanderlinden";"";0;3;0;0
"Glenn Verbauwhede";"19-05-1985";0;1;0;0
